,precision,recall,f1-score,support
0,0.6808510638297872,0.8,0.7356321839080461,40.0
1,0.7575757575757576,0.625,0.6849315068493151,40.0
accuracy,0.7125,0.7125,0.7125,0.7125
macro avg,0.7192134107027723,0.7125,0.7102818453786806,80.0
weighted avg,0.7192134107027724,0.7125,0.7102818453786807,80.0
