,precision,recall,f1-score,support
0,0.6785714285714286,0.6333333333333333,0.6551724137931035,30.0
1,0.65625,0.7,0.6774193548387096,30.0
accuracy,0.6666666666666666,0.6666666666666666,0.6666666666666666,0.6666666666666666
macro avg,0.6674107142857143,0.6666666666666666,0.6662958843159066,60.0
weighted avg,0.6674107142857143,0.6666666666666666,0.6662958843159065,60.0
