,precision,recall,f1-score,support
0,0.6818181818181818,0.75,0.7142857142857143,40.0
1,0.7222222222222222,0.65,0.6842105263157895,40.0
accuracy,0.7,0.7,0.7,0.7
macro avg,0.702020202020202,0.7,0.6992481203007519,80.0
weighted avg,0.702020202020202,0.7,0.6992481203007519,80.0
