,precision,recall,f1-score,support
0,0.6976744186046512,0.75,0.7228915662650603,40.0
1,0.7297297297297297,0.675,0.7012987012987014,40.0
accuracy,0.7125,0.7125,0.7125,0.7125
macro avg,0.7137020741671904,0.7125,0.7120951337818808,80.0
weighted avg,0.7137020741671904,0.7125,0.7120951337818809,80.0
