,precision,recall,f1-score,support
0,0.6666666666666666,0.75,0.7058823529411765,40.0
1,0.7142857142857143,0.625,0.6666666666666666,40.0
accuracy,0.6875,0.6875,0.6875,0.6875
macro avg,0.6904761904761905,0.6875,0.6862745098039216,80.0
weighted avg,0.6904761904761905,0.6875,0.6862745098039216,80.0
