,precision,recall,f1-score,support
0,0.6428571428571429,0.6,0.6206896551724138,30.0
1,0.625,0.6666666666666666,0.6451612903225806,30.0
accuracy,0.6333333333333333,0.6333333333333333,0.6333333333333333,0.6333333333333333
macro avg,0.6339285714285714,0.6333333333333333,0.6329254727474972,60.0
weighted avg,0.6339285714285715,0.6333333333333333,0.6329254727474972,60.0
