,precision,recall,f1-score,support
0,0.6923076923076923,0.9,0.7826086956521738,40.0
1,0.8571428571428571,0.6,0.7058823529411764,40.0
accuracy,0.75,0.75,0.75,0.75
macro avg,0.7747252747252746,0.75,0.7442455242966751,80.0
weighted avg,0.7747252747252747,0.75,0.7442455242966751,80.0
