,precision,recall,f1-score,support
0,0.7058823529411765,0.9,0.7912087912087913,40.0
1,0.8620689655172413,0.625,0.7246376811594203,40.0
accuracy,0.7625,0.7625,0.7625,0.7625
macro avg,0.7839756592292089,0.7625,0.7579232361841057,80.0
weighted avg,0.7839756592292089,0.7625,0.7579232361841057,80.0
