,precision,recall,f1-score,support
0,0.6666666666666666,0.7,0.6829268292682926,40.0
1,0.6842105263157895,0.65,0.6666666666666667,40.0
accuracy,0.675,0.675,0.675,0.675
macro avg,0.6754385964912281,0.675,0.6747967479674797,80.0
weighted avg,0.6754385964912281,0.675,0.6747967479674797,80.0
