,precision,recall,f1-score,support
0,0.75,0.6,0.6666666666666665,30.0
1,0.6666666666666666,0.8,0.7272727272727272,30.0
accuracy,0.7,0.7,0.7,0.7
macro avg,0.7083333333333333,0.7,0.6969696969696968,60.0
weighted avg,0.7083333333333334,0.7,0.6969696969696969,60.0
