,precision,recall,f1-score,support
0,0.7368421052631579,0.7,0.717948717948718,40.0
1,0.7142857142857143,0.75,0.7317073170731706,40.0
accuracy,0.725,0.725,0.725,0.725
macro avg,0.7255639097744361,0.725,0.7248280175109443,80.0
weighted avg,0.7255639097744361,0.725,0.7248280175109443,80.0
