,precision,recall,f1-score,support
0,0.6428571428571429,0.675,0.6585365853658537,40.0
1,0.6578947368421053,0.625,0.6410256410256411,40.0
accuracy,0.65,0.65,0.65,0.65
macro avg,0.650375939849624,0.65,0.6497811131957474,80.0
weighted avg,0.650375939849624,0.65,0.6497811131957474,80.0
