,precision,recall,f1-score,support
0,0.6744186046511628,0.725,0.6987951807228916,40.0
1,0.7027027027027027,0.65,0.6753246753246753,40.0
accuracy,0.6875,0.6875,0.6875,0.6875
macro avg,0.6885606536769328,0.6875,0.6870599280237835,80.0
weighted avg,0.6885606536769326,0.6875,0.6870599280237835,80.0
