,precision,recall,f1-score,support
0,0.7083333333333334,0.85,0.7727272727272727,40.0
1,0.8125,0.65,0.7222222222222223,40.0
accuracy,0.75,0.75,0.75,0.75
macro avg,0.7604166666666667,0.75,0.7474747474747475,80.0
weighted avg,0.7604166666666667,0.75,0.7474747474747475,80.0
