,precision,recall,f1-score,support
0,0.6444444444444445,0.725,0.6823529411764706,40.0
1,0.6857142857142857,0.6,0.64,40.0
accuracy,0.6625,0.6625,0.6625,0.6625
macro avg,0.6650793650793652,0.6625,0.6611764705882353,80.0
weighted avg,0.6650793650793652,0.6625,0.6611764705882354,80.0
