,precision,recall,f1-score,support
0,0.6938775510204082,0.85,0.7640449438202247,40.0
1,0.8064516129032258,0.625,0.7042253521126761,40.0
accuracy,0.7375,0.7375,0.7375,0.7375
macro avg,0.750164581961817,0.7375,0.7341351479664504,80.0
weighted avg,0.750164581961817,0.7375,0.7341351479664504,80.0
