,precision,recall,f1-score,support
0,0.6904761904761905,0.725,0.7073170731707318,40.0
1,0.7105263157894737,0.675,0.6923076923076923,40.0
accuracy,0.7,0.7,0.7,0.7
macro avg,0.7005012531328321,0.7,0.699812382739212,80.0
weighted avg,0.7005012531328321,0.7,0.6998123827392121,80.0
