,precision,recall,f1-score,support
0,0.6888888888888889,0.775,0.7294117647058822,40.0
1,0.7428571428571429,0.65,0.6933333333333334,40.0
accuracy,0.7125,0.7125,0.7125,0.7125
macro avg,0.7158730158730159,0.7125,0.7113725490196078,80.0
weighted avg,0.7158730158730159,0.7125,0.7113725490196078,80.0
