,precision,recall,f1-score,support
0,0.7045454545454546,0.775,0.7380952380952381,40.0
1,0.75,0.675,0.7105263157894738,40.0
accuracy,0.725,0.725,0.725,0.725
macro avg,0.7272727272727273,0.7250000000000001,0.724310776942356,80.0
weighted avg,0.7272727272727273,0.725,0.724310776942356,80.0
