,0,1,accuracy,macro avg,weighted avg
precision,0.6302281368821293,0.7614503816793893,0.6738578680203046,0.6958392592807593,0.6958392592807593
recall,0.8413705583756346,0.5063451776649747,0.6738578680203046,0.6738578680203047,0.6738578680203046
f1-score,0.7206521739130434,0.6082317073170732,0.6738578680203046,0.6644419406150583,0.6644419406150583
support,788.0,788.0,0.6738578680203046,1576.0,1576.0
