,0,1,accuracy,macro avg,weighted avg
precision,0.6483390607101948,0.6842105263157895,0.6643401015228426,0.6662747935129921,0.6662747935129921
recall,0.7182741116751269,0.6104060913705583,0.6643401015228426,0.6643401015228426,0.6643401015228426
f1-score,0.6815171583383504,0.6452045606975184,0.6643401015228426,0.6633608595179343,0.6633608595179344
support,788.0,788.0,0.6643401015228426,1576.0,1576.0
