,0,1,accuracy,macro avg,weighted avg
precision,0.6386083052749719,0.6802919708029197,0.6567258883248731,0.6594501380389458,0.6594501380389458
recall,0.7220812182741116,0.5913705583756346,0.6567258883248731,0.6567258883248731,0.6567258883248731
f1-score,0.6777843954734961,0.6327223353699932,0.6567258883248731,0.6552533654217447,0.6552533654217447
support,788.0,788.0,0.6567258883248731,1576.0,1576.0
