,0,1,accuracy,macro avg,weighted avg
precision,0.7137637028014616,0.7324503311258278,0.7227157360406091,0.7231070169636447,0.7231070169636447
recall,0.7436548223350253,0.7017766497461929,0.7227157360406091,0.7227157360406091,0.7227157360406091
f1-score,0.728402734617775,0.7167854828256643,0.7227157360406091,0.7225941087217197,0.7225941087217198
support,788.0,788.0,0.7227157360406091,1576.0,1576.0
