,Accuracy,Execution time,Std
ComplementNB,0.723978,2.6781 s,0.005031
MultinomialNB,0.722514,2.2191 s,0.006411
SVM,0.722073,15.5419 s,0.006969
Logistic Regression,0.718657,3.2151 s,0.003451
Stochastic Gradient,0.703293,2.8492 s,0.006494
Random Forest,0.691306,67.5837 s,0.007269
Gradient Boosting,0.686995,25.1274 s,0.006551
Bagging,0.674433,48.9714 s,0.008795
Ada Boost,0.671257,25.2047 s,0.008036
Decision Tree,0.651196,6.9039 s,0.012148
K Nearest,0.584146,3.3859 s,0.010933
