,0,1,accuracy,macro avg,weighted avg
precision,0.6379525593008739,0.6425806451612903,0.6402284263959391,0.6402666022310821,0.6402666022310821
recall,0.6484771573604061,0.631979695431472,0.6402284263959391,0.640228426395939,0.6402284263959391
f1-score,0.6431718061674008,0.6372360844529751,0.6402284263959391,0.640203945310188,0.6402039453101879
support,788.0,788.0,0.6402284263959391,1576.0,1576.0
