,0,1,accuracy,macro avg,weighted avg
precision,0.6287128712871287,0.6354166666666666,0.631979695431472,0.6320647689768977,0.6320647689768977
recall,0.6446700507614214,0.6192893401015228,0.631979695431472,0.631979695431472,0.631979695431472
f1-score,0.6365914786967418,0.6272493573264781,0.631979695431472,0.63192041801161,0.63192041801161
support,788.0,788.0,0.631979695431472,1576.0,1576.0
