,0,1,accuracy,macro avg,weighted avg
precision,0.6515311510031679,0.7281399046104928,0.6821065989847716,0.6898355278068304,0.6898355278068302
recall,0.7829949238578681,0.5812182741116751,0.6821065989847716,0.6821065989847717,0.6821065989847716
f1-score,0.7112391930835735,0.6464361326746648,0.6821065989847716,0.6788376628791192,0.6788376628791191
support,788.0,788.0,0.6821065989847716,1576.0,1576.0
