,0,1,accuracy,macro avg,weighted avg
precision,0.6503642039542143,0.734959349593496,0.6833756345177665,0.6926617767738552,0.6926617767738552
recall,0.7931472081218274,0.5736040609137056,0.6833756345177665,0.6833756345177665,0.6833756345177665
f1-score,0.714694110920526,0.6443335709194584,0.6833756345177665,0.6795138409199922,0.6795138409199922
support,788.0,788.0,0.6833756345177665,1576.0,1576.0
