,0,1,accuracy,macro avg,weighted avg
precision,0.5784650630011455,0.5974395448079659,0.5869289340101523,0.5879523039045558,0.5879523039045557
recall,0.6408629441624365,0.5329949238578681,0.5869289340101523,0.5869289340101522,0.5869289340101523
f1-score,0.6080674292594822,0.5633802816901409,0.5869289340101523,0.5857238554748115,0.5857238554748115
support,788.0,788.0,0.5869289340101523,1576.0,1576.0
