,0,1,accuracy,macro avg,weighted avg
precision,0.7085308056872038,0.7404371584699454,0.7233502538071066,0.7244839820785747,0.7244839820785747
recall,0.7588832487309645,0.6878172588832487,0.7233502538071066,0.7233502538071066,0.7233502538071066
f1-score,0.7328431372549019,0.7131578947368422,0.7233502538071066,0.7230005159958721,0.723000515995872
support,788.0,788.0,0.7233502538071066,1576.0,1576.0
