,0,1,accuracy,macro avg,weighted avg
precision,0.7118226600985221,0.725130890052356,0.7182741116751269,0.7184767750754391,0.7184767750754391
recall,0.733502538071066,0.7030456852791879,0.7182741116751269,0.718274111675127,0.7182741116751269
f1-score,0.7224999999999999,0.7139175257731959,0.7182741116751269,0.7182087628865979,0.718208762886598
support,788.0,788.0,0.7182741116751269,1576.0,1576.0
