,0,1,accuracy,macro avg,weighted avg
precision,0.6705336426914154,0.7058823529411765,0.6865482233502538,0.6882079978162959,0.688207997816296
recall,0.733502538071066,0.6395939086294417,0.6865482233502538,0.6865482233502538,0.6865482233502538
f1-score,0.7006060606060606,0.6711051930758988,0.6865482233502538,0.6858556268409797,0.6858556268409797
support,788.0,788.0,0.6865482233502538,1576.0,1576.0
