,0,1,accuracy,macro avg,weighted avg
precision,0.6804123711340206,0.7240398293029872,0.6998730964467005,0.702226100218504,0.7022261002185038
recall,0.7538071065989848,0.6459390862944162,0.6998730964467005,0.6998730964467005,0.6998730964467005
f1-score,0.7152317880794702,0.6827632461435278,0.6998730964467005,0.698997517111499,0.6989975171114989
support,788.0,788.0,0.6998730964467005,1576.0,1576.0
