,0,1,accuracy,macro avg,weighted avg
precision,0.7015113350125944,0.7046035805626598,0.7030456852791879,0.7030574577876272,0.7030574577876272
recall,0.7068527918781726,0.699238578680203,0.7030456852791879,0.7030456852791878,0.7030456852791879
f1-score,0.7041719342604299,0.7019108280254776,0.7030456852791879,0.7030413811429537,0.7030413811429537
support,788.0,788.0,0.7030456852791879,1576.0,1576.0
