,0,1,accuracy,macro avg,weighted avg
precision,0.6991260923845194,0.7058064516129032,0.7024111675126904,0.7024662719987114,0.7024662719987113
recall,0.7106598984771574,0.6941624365482234,0.7024111675126904,0.7024111675126904,0.7024111675126904
f1-score,0.7048458149779736,0.6999360204734485,0.7024111675126904,0.702390917725711,0.7023909177257112
support,788.0,788.0,0.7024111675126904,1576.0,1576.0
