,0,1,accuracy,macro avg,weighted avg
precision,0.7076923076923077,0.7400820793433652,0.7227157360406091,0.7238871935178365,0.7238871935178365
recall,0.7588832487309645,0.6865482233502538,0.7227157360406091,0.7227157360406091,0.7227157360406091
f1-score,0.7323943661971831,0.7123107307439105,0.7227157360406091,0.7223525484705469,0.7223525484705469
support,788.0,788.0,0.7227157360406091,1576.0,1576.0
