,SVM,MultinomialNB,ComplementNB
Logistic Regression,-1.6613811870446418,-1.6785403387995133,-2.8318888456673363
SVM,,-0.19181315016620584,-0.983317744908225
MultinomialNB,,,-2.2030004560086804
