,0,1,accuracy,macro avg,weighted avg
precision,0.6373626373626373,0.7391304347826086,0.674492385786802,0.688246536072623,0.688246536072623
recall,0.8096446700507615,0.5393401015228426,0.674492385786802,0.674492385786802,0.674492385786802
f1-score,0.7132476243711571,0.6236243580337492,0.674492385786802,0.6684359912024531,0.6684359912024531
support,788.0,788.0,0.674492385786802,1576.0,1576.0
