,0,1,accuracy,macro avg,weighted avg
precision,0.6514285714285715,0.6890156918687589,0.6681472081218274,0.6702221316486652,0.6702221316486652
recall,0.7233502538071066,0.6129441624365483,0.6681472081218274,0.6681472081218274,0.6681472081218274
f1-score,0.6855081178592904,0.6487575554063131,0.6681472081218274,0.6671328366328018,0.6671328366328018
support,788.0,788.0,0.6681472081218274,1576.0,1576.0
