,0,1,accuracy,macro avg,weighted avg
precision,0.6441241685144125,0.6928783382789317,0.6649746192893401,0.6685012533966721,0.668501253396672
recall,0.7373096446700508,0.5926395939086294,0.6649746192893401,0.6649746192893401,0.6649746192893401
f1-score,0.6875739644970414,0.6388508891928865,0.6649746192893401,0.663212426844964,0.6632124268449638
support,788.0,788.0,0.6649746192893401,1576.0,1576.0
