,0,1,accuracy,macro avg,weighted avg
precision,0.7150127226463104,0.7139240506329114,0.7144670050761421,0.7144683866396109,0.7144683866396109
recall,0.7131979695431472,0.7157360406091371,0.7144670050761421,0.7144670050761421,0.7144670050761421
f1-score,0.7141041931385006,0.714828897338403,0.7144670050761421,0.7144665452384518,0.7144665452384519
support,788.0,788.0,0.7144670050761421,1576.0,1576.0
