,0,1,accuracy,macro avg,weighted avg
precision,0.63375,0.6378865979381443,0.6357868020304569,0.6358182989690722,0.6358182989690722
recall,0.6434010152284264,0.6281725888324873,0.6357868020304569,0.6357868020304569,0.6357868020304569
f1-score,0.6385390428211587,0.6329923273657289,0.6357868020304569,0.6357656850934438,0.6357656850934438
support,788.0,788.0,0.6357868020304569,1576.0,1576.0
