,0,1,accuracy,macro avg,weighted avg
precision,0.6337854500616523,0.6418300653594772,0.6376903553299492,0.6378077577105647,0.6378077577105647
recall,0.6522842639593909,0.6230964467005076,0.6376903553299492,0.6376903553299492,0.6376903553299492
f1-score,0.6429018136335211,0.6323245331616227,0.6376903553299492,0.6376131733975718,0.6376131733975718
support,788.0,788.0,0.6376903553299492,1576.0,1576.0
