,0,1,accuracy,macro avg,weighted avg
precision,0.6568421052631579,0.7380191693290735,0.6890862944162437,0.6974306372961157,0.6974306372961157
recall,0.7918781725888325,0.5862944162436549,0.6890862944162437,0.6890862944162437,0.6890862944162437
f1-score,0.7180667433831991,0.6534653465346535,0.6890862944162437,0.6857660449589262,0.6857660449589262
support,788.0,788.0,0.6890862944162437,1576.0,1576.0
