,0,1,accuracy,macro avg,weighted avg
precision,0.6513089005235602,0.7326892109500805,0.6833756345177665,0.6919990557368203,0.6919990557368203
recall,0.7893401015228426,0.5774111675126904,0.6833756345177665,0.6833756345177665,0.6833756345177665
f1-score,0.7137119908204246,0.645848119233499,0.6833756345177665,0.6797800550269618,0.6797800550269619
support,788.0,788.0,0.6833756345177665,1576.0,1576.0
