,0,1,accuracy,macro avg,weighted avg
precision,0.6830985915492958,0.6501154734411085,0.6649746192893401,0.6666070324952021,0.6666070324952023
recall,0.6154822335025381,0.7144670050761421,0.6649746192893401,0.6649746192893401,0.6649746192893401
f1-score,0.6475300400534045,0.6807738814993954,0.6649746192893401,0.6641519607763999,0.6641519607764
support,788.0,788.0,0.6649746192893401,1576.0,1576.0
