,0,1,accuracy,macro avg,weighted avg
precision,0.7104294478527607,0.7253613666228647,0.7176395939086294,0.7178954072378128,0.7178954072378128
recall,0.7347715736040609,0.700507614213198,0.7176395939086294,0.7176395939086294,0.7176395939086294
f1-score,0.7223955084217093,0.7127178825048419,0.7176395939086294,0.7175566954632756,0.7175566954632756
support,788.0,788.0,0.7176395939086294,1576.0,1576.0
