,0,1,accuracy,macro avg,weighted avg
precision,0.6666666666666666,0.7085714285714285,0.6852791878172588,0.6876190476190476,0.6876190476190476
recall,0.7411167512690355,0.6294416243654822,0.6852791878172588,0.6852791878172588,0.6852791878172588
f1-score,0.7019230769230769,0.6666666666666666,0.6852791878172588,0.6842948717948718,0.6842948717948717
support,788.0,788.0,0.6852791878172588,1576.0,1576.0
