,0,1,accuracy,macro avg,weighted avg
precision,0.6811926605504587,0.7244318181818182,0.700507614213198,0.7028122393661385,0.7028122393661385
recall,0.7538071065989848,0.6472081218274112,0.700507614213198,0.700507614213198,0.700507614213198
f1-score,0.7156626506024096,0.6836461126005362,0.700507614213198,0.6996543816014729,0.699654381601473
support,788.0,788.0,0.700507614213198,1576.0,1576.0
