,0,1,accuracy,macro avg,weighted avg
precision,0.6829573934837093,0.6876606683804627,0.6852791878172588,0.685309030932086,0.685309030932086
recall,0.6916243654822335,0.6789340101522843,0.6852791878172588,0.6852791878172588,0.6852791878172588
f1-score,0.6872635561160151,0.6832694763729246,0.6852791878172588,0.6852665162444698,0.6852665162444699
support,788.0,788.0,0.6852791878172588,1576.0,1576.0
