,0,1,accuracy,macro avg,weighted avg
precision,0.6791510611735331,0.6851612903225807,0.6821065989847716,0.6821561757480569,0.6821561757480568
recall,0.6903553299492385,0.6738578680203046,0.6821065989847716,0.6821065989847716,0.6821065989847716
f1-score,0.68470736312146,0.6794625719769674,0.6821065989847716,0.6820849675492137,0.6820849675492138
support,788.0,788.0,0.6821065989847716,1576.0,1576.0
