,0,1,accuracy,macro avg,weighted avg
precision,0.6950113378684807,0.7478386167146974,0.7182741116751269,0.721424977291589,0.721424977291589
recall,0.7779187817258884,0.6586294416243654,0.7182741116751269,0.7182741116751269,0.7182741116751269
f1-score,0.7341317365269462,0.7004048582995951,0.7182741116751269,0.7172682974132707,0.7172682974132706
support,788.0,788.0,0.7182741116751269,1576.0,1576.0
