,SVM,MultinomialNB,ComplementNB
Logistic Regression,-2.1997077355030723,5.211580789014127,5.2764898644438105
SVM,,5.214421937968273,5.217685678717349
MultinomialNB,,,1.5000000000000002
