,precision,recall,f1-score,support
0,0.6296296296296297,0.5666666666666667,0.5964912280701755,30.0
1,0.6060606060606061,0.6666666666666666,0.6349206349206349,30.0
accuracy,0.6166666666666667,0.6166666666666667,0.6166666666666667,0.6166666666666667
macro avg,0.6178451178451179,0.6166666666666667,0.6157059314954052,60.0
weighted avg,0.6178451178451179,0.6166666666666667,0.6157059314954052,60.0
