,precision,recall,f1-score,support
0,0.6071428571428571,0.5666666666666667,0.5862068965517241,30.0
1,0.59375,0.6333333333333333,0.6129032258064516,30.0
accuracy,0.6,0.6,0.6,0.6
macro avg,0.6004464285714286,0.6,0.5995550611790879,60.0
weighted avg,0.6004464285714285,0.6,0.5995550611790877,60.0
