,precision,recall,f1-score,support
0,0.717948717948718,0.7,0.708860759493671,40.0
1,0.7073170731707317,0.725,0.7160493827160495,40.0
accuracy,0.7125,0.7125,0.7125,0.7125
macro avg,0.7126328955597248,0.7124999999999999,0.7124550711048603,80.0
weighted avg,0.7126328955597249,0.7125,0.7124550711048603,80.0
