,precision,recall,f1-score,support
0,0.6097560975609756,0.625,0.6172839506172839,40.0
1,0.6153846153846154,0.6,0.6075949367088608,40.0
accuracy,0.6125,0.6125,0.6125,0.6125
macro avg,0.6125703564727956,0.6125,0.6124394436630723,80.0
weighted avg,0.6125703564727955,0.6125,0.6124394436630723,80.0
