,precision,recall,f1-score,support
0,0.7209302325581395,0.775,0.7469879518072289,40.0
1,0.7567567567567568,0.7,0.7272727272727273,40.0
accuracy,0.7375,0.7375,0.7375,0.7375
macro avg,0.7388434946574481,0.7375,0.7371303395399781,80.0
weighted avg,0.7388434946574481,0.7375,0.7371303395399782,80.0
