,precision,recall,f1-score,support
0,0.6304347826086957,0.725,0.6744186046511628,40.0
1,0.6764705882352942,0.575,0.6216216216216216,40.0
accuracy,0.65,0.65,0.65,0.65
macro avg,0.6534526854219949,0.6499999999999999,0.6480201131363922,80.0
weighted avg,0.653452685421995,0.65,0.6480201131363922,80.0
