,precision,recall,f1-score,support
0,0.7435897435897436,0.725,0.7341772151898733,40.0
1,0.7317073170731707,0.75,0.7407407407407408,40.0
accuracy,0.7375,0.7375,0.7375,0.7375
macro avg,0.7376485303314572,0.7375,0.7374589779653071,80.0
weighted avg,0.7376485303314572,0.7375,0.7374589779653071,80.0
