,0,1,accuracy,macro avg,weighted avg
precision,0.627730294396961,0.7571701720841301,0.6706852791878173,0.6924502332405456,0.6924502332405456
recall,0.8388324873096447,0.5025380710659898,0.6706852791878173,0.6706852791878173,0.6706852791878173
f1-score,0.7180879956545355,0.6041189931350114,0.6706852791878173,0.6611034943947734,0.6611034943947736
support,788.0,788.0,0.6706852791878173,1576.0,1576.0
