,0,1,accuracy,macro avg,weighted avg
precision,0.6537610619469026,0.7068452380952381,0.6763959390862944,0.6803031500210703,0.6803031500210703
recall,0.75,0.6027918781725888,0.6763959390862944,0.6763959390862944,0.6763959390862944
f1-score,0.698581560283688,0.6506849315068495,0.6763959390862944,0.6746332458952687,0.6746332458952687
support,788.0,788.0,0.6763959390862944,1576.0,1576.0
