,0,1,accuracy,macro avg,weighted avg
precision,0.6628440366972477,0.7017045454545454,0.6802030456852792,0.6822742910758965,0.6822742910758967
recall,0.733502538071066,0.6269035532994924,0.6802030456852792,0.6802030456852792,0.6802030456852792
f1-score,0.6963855421686748,0.6621983914209115,0.6802030456852792,0.6792919667947932,0.6792919667947931
support,788.0,788.0,0.6802030456852792,1576.0,1576.0
