,0,1,accuracy,macro avg,weighted avg
precision,0.7193627450980392,0.7355263157894737,0.7271573604060914,0.7274445304437565,0.7274445304437563
recall,0.7449238578680203,0.7093908629441624,0.7271573604060914,0.7271573604060914,0.7271573604060914
f1-score,0.7319201995012469,0.7222222222222222,0.7271573604060914,0.7270712108617345,0.7270712108617345
support,788.0,788.0,0.7271573604060914,1576.0,1576.0
