,Accuracy,Execution time,Std
Logistic Regression,0.722841,2.057 s,0.002553
ComplementNB,0.720422,1.6479 s,0.005183
MultinomialNB,0.719339,2.0883 s,0.005639
SVM,0.718267,11.7244 s,0.005139
Random Forest,0.695995,30.497 s,0.008591
Stochastic Gradient,0.695242,2.2766 s,0.007769
Gradient Boosting,0.685844,20.0911 s,0.007427
Bagging,0.672728,34.2885 s,0.004588
Ada Boost,0.669984,9.1972 s,0.00777
Decision Tree,0.649745,6.2384 s,0.010646
K Nearest,0.575526,2.1942 s,0.00969
