,0,1,accuracy,macro avg,weighted avg
precision,0.6368159203980099,0.6424870466321243,0.6395939086294417,0.6396514835150671,0.6396514835150672
recall,0.649746192893401,0.6294416243654822,0.6395939086294417,0.6395939086294415,0.6395939086294417
f1-score,0.6432160804020101,0.6358974358974359,0.6395939086294417,0.639556758149723,0.6395567581497229
support,788.0,788.0,0.6395939086294417,1576.0,1576.0
