,0,1,accuracy,macro avg,weighted avg
precision,0.6474908200734394,0.6587615283267457,0.6529187817258884,0.6531261742000926,0.6531261742000924
recall,0.6713197969543148,0.6345177664974619,0.6529187817258884,0.6529187817258884,0.6529187817258884
f1-score,0.6591900311526478,0.6464124111182934,0.6529187817258884,0.6528012211354706,0.6528012211354707
support,788.0,788.0,0.6529187817258884,1576.0,1576.0
