,0,1,accuracy,macro avg,weighted avg
precision,0.6524064171122995,0.7223088923556942,0.6808375634517766,0.6873576547339968,0.6873576547339968
recall,0.7741116751269036,0.5875634517766497,0.6808375634517766,0.6808375634517767,0.6808375634517766
f1-score,0.7080673244341266,0.6480055983205038,0.6808375634517766,0.6780364613773151,0.6780364613773152
support,788.0,788.0,0.6808375634517766,1576.0,1576.0
