,0,1,accuracy,macro avg,weighted avg
precision,0.6509926854754441,0.7334410339256866,0.6833756345177665,0.6922168597005653,0.6922168597005653
recall,0.7906091370558376,0.5761421319796954,0.6833756345177665,0.6833756345177665,0.6833756345177665
f1-score,0.7140401146131805,0.6453447050461976,0.6833756345177665,0.679692409829689,0.679692409829689
support,788.0,788.0,0.6833756345177665,1576.0,1576.0
