,0,1,accuracy,macro avg,weighted avg
precision,0.5523809523809524,0.5784469096671949,0.5628172588832487,0.5654139310240737,0.5654139310240737
recall,0.6624365482233503,0.4631979695431472,0.5628172588832487,0.5628172588832487,0.5628172588832487
f1-score,0.6024235429890364,0.5144467935165609,0.5628172588832487,0.5584351682527986,0.5584351682527986
support,788.0,788.0,0.5628172588832487,1576.0,1576.0
