,0,1,accuracy,macro avg,weighted avg
precision,0.7110849056603774,0.7458791208791209,0.7271573604060914,0.7284820132697492,0.7284820132697492
recall,0.7652284263959391,0.6890862944162437,0.7271573604060914,0.7271573604060915,0.7271573604060914
f1-score,0.7371638141809291,0.7163588390501319,0.7271573604060914,0.7267613266155305,0.7267613266155305
support,788.0,788.0,0.7271573604060914,1576.0,1576.0
