,0,1,accuracy,macro avg,weighted avg
precision,0.717632552404439,0.730718954248366,0.7239847715736041,0.7241757533264025,0.7241757533264026
recall,0.7385786802030457,0.7093908629441624,0.7239847715736041,0.7239847715736041,0.7239847715736041
f1-score,0.7279549718574109,0.7198969735994848,0.7239847715736041,0.7239259727284478,0.7239259727284478
support,788.0,788.0,0.7239847715736041,1576.0,1576.0
