,0,1,accuracy,macro avg,weighted avg
precision,0.6742081447963801,0.7225433526011561,0.6954314720812182,0.6983757486987681,0.6983757486987681
recall,0.7563451776649747,0.6345177664974619,0.6954314720812182,0.6954314720812182,0.6954314720812182
f1-score,0.7129186602870814,0.6756756756756758,0.6954314720812182,0.6942971679813785,0.6942971679813785
support,788.0,788.0,0.6954314720812182,1576.0,1576.0
