,0,1,accuracy,macro avg,weighted avg
precision,0.6788571428571428,0.7232524964336662,0.6986040609137056,0.7010548196454045,0.7010548196454046
recall,0.7538071065989848,0.6434010152284264,0.6986040609137056,0.6986040609137056,0.6986040609137056
f1-score,0.7143716175586289,0.6809939556749497,0.6986040609137056,0.6976827866167893,0.6976827866167893
support,788.0,788.0,0.6986040609137056,1576.0,1576.0
