,0,1,accuracy,macro avg,weighted avg
precision,0.6930817610062893,0.6965428937259923,0.6947969543147208,0.6948123273661408,0.6948123273661407
recall,0.699238578680203,0.6903553299492385,0.6947969543147208,0.6947969543147208,0.6947969543147208
f1-score,0.6961465571699305,0.6934353091140855,0.6947969543147208,0.6947909331420079,0.694790933142008
support,788.0,788.0,0.6947969543147208,1576.0,1576.0
