,0,1,accuracy,macro avg,weighted avg
precision,0.6959134615384616,0.7190860215053764,0.7068527918781726,0.707499741521919,0.707499741521919
recall,0.7347715736040609,0.6789340101522843,0.7068527918781726,0.7068527918781726,0.7068527918781726
f1-score,0.7148148148148149,0.6984334203655351,0.7068527918781726,0.7066241175901751,0.7066241175901752
support,788.0,788.0,0.7068527918781726,1576.0,1576.0
