,SVM,MultinomialNB,ComplementNB
Logistic Regression,3.1832777865189334,2.060391931200295,1.539789678532507
SVM,,-0.5095605087232313,-1.092726076511656
MultinomialNB,,,-1.8993392529458986
