,0,1,accuracy,macro avg,weighted avg
precision,0.6297709923664122,0.7575757575757576,0.6725888324873096,0.6936733749710848,0.6936733749710848
recall,0.8375634517766497,0.5076142131979695,0.6725888324873096,0.6725888324873096,0.6725888324873096
f1-score,0.7189542483660131,0.60790273556231,0.6725888324873096,0.6634284919641615,0.6634284919641615
support,788.0,788.0,0.6725888324873096,1576.0,1576.0
