,0,1,accuracy,macro avg,weighted avg
precision,0.6507394766780432,0.6901004304160688,0.6681472081218274,0.6704199535470561,0.6704199535470561
recall,0.7258883248730964,0.6104060913705583,0.6681472081218274,0.6681472081218274,0.6681472081218274
f1-score,0.6862627474505097,0.6478114478114478,0.6681472081218274,0.6670370976309787,0.6670370976309787
support,788.0,788.0,0.6681472081218274,1576.0,1576.0
