,0,1,accuracy,macro avg,weighted avg
precision,0.655793025871766,0.7016011644832606,0.675761421319797,0.6786970951775133,0.6786970951775133
recall,0.7398477157360406,0.6116751269035533,0.675761421319797,0.6757614213197969,0.675761421319797
f1-score,0.6952892069171139,0.6535593220338983,0.675761421319797,0.6744242644755061,0.6744242644755061
support,788.0,788.0,0.675761421319797,1576.0,1576.0
