,0,1,accuracy,macro avg,weighted avg
precision,0.6475972540045767,0.6837606837606838,0.6637055837563451,0.6656789688826302,0.6656789688826302
recall,0.7182741116751269,0.6091370558375635,0.6637055837563451,0.6637055837563453,0.6637055837563451
f1-score,0.681107099879663,0.6442953020134228,0.6637055837563451,0.662701200946543,0.6627012009465428
support,788.0,788.0,0.6637055837563451,1576.0,1576.0
