,0,1,accuracy,macro avg,weighted avg
precision,0.6647465437788018,0.7019774011299436,0.6814720812182741,0.6833619724543727,0.6833619724543727
recall,0.7322335025380711,0.6307106598984772,0.6814720812182741,0.6814720812182742,0.6814720812182741
f1-score,0.6968599033816425,0.6644385026737969,0.6814720812182741,0.6806492030277197,0.6806492030277196
support,788.0,788.0,0.6814720812182741,1576.0,1576.0
