,0,1,accuracy,macro avg,weighted avg
precision,0.7221542227662179,0.7391304347826086,0.7303299492385786,0.7306423287744133,0.7306423287744133
recall,0.748730964467005,0.7119289340101523,0.7303299492385786,0.7303299492385786,0.7303299492385786
f1-score,0.735202492211838,0.7252747252747253,0.7303299492385786,0.7302386087432816,0.7302386087432816
support,788.0,788.0,0.7303299492385786,1576.0,1576.0
