,0,1,accuracy,macro avg,weighted avg
precision,0.6359223300970874,0.648936170212766,0.6421319796954315,0.6424292501549267,0.6424292501549267
recall,0.6649746192893401,0.6192893401015228,0.6421319796954315,0.6421319796954315,0.6421319796954315
f1-score,0.6501240694789082,0.6337662337662338,0.6421319796954315,0.6419451516225709,0.641945151622571
support,788.0,788.0,0.6421319796954315,1576.0,1576.0
