,0,1,accuracy,macro avg,weighted avg
precision,0.6355611601513241,0.6372924648786717,0.6364213197969543,0.6364268125149979,0.636426812514998
recall,0.6395939086294417,0.633248730964467,0.6364213197969543,0.6364213197969544,0.6364213197969543
f1-score,0.6375711574952563,0.6352641629535327,0.6364213197969543,0.6364176602243945,0.6364176602243945
support,788.0,788.0,0.6364213197969543,1576.0,1576.0
