,0,1,accuracy,macro avg,weighted avg
precision,0.64625,0.6507731958762887,0.6484771573604061,0.6485115979381444,0.6485115979381443
recall,0.6560913705583756,0.6408629441624365,0.6484771573604061,0.648477157360406,0.6484771573604061
f1-score,0.6511335012594458,0.6457800511508951,0.6484771573604061,0.6484567762051705,0.6484567762051704
support,788.0,788.0,0.6484771573604061,1576.0,1576.0
