,0,1,accuracy,macro avg,weighted avg
precision,0.6444444444444445,0.6527415143603134,0.6484771573604061,0.6485929794023789,0.6485929794023788
recall,0.6624365482233503,0.6345177664974619,0.6484771573604061,0.6484771573604061,0.6484771573604061
f1-score,0.6533166458072591,0.6435006435006434,0.6484771573604061,0.6484086446539512,0.6484086446539512
support,788.0,788.0,0.6484771573604061,1576.0,1576.0
