,0,1,accuracy,macro avg,weighted avg
precision,0.6535600425079703,0.7275590551181103,0.6833756345177665,0.6905595488130403,0.6905595488130402
recall,0.7804568527918782,0.5862944162436549,0.6833756345177665,0.6833756345177665,0.6833756345177665
f1-score,0.7113938692886062,0.6493323963457485,0.6833756345177665,0.6803631328171773,0.6803631328171774
support,788.0,788.0,0.6833756345177665,1576.0,1576.0
