,0,1,accuracy,macro avg,weighted avg
precision,0.653276955602537,0.7301587301587301,0.684010152284264,0.6917178428806335,0.6917178428806334
recall,0.7842639593908629,0.583756345177665,0.684010152284264,0.6840101522842639,0.684010152284264
f1-score,0.7128027681660898,0.6488011283497884,0.684010152284264,0.680801948257939,0.6808019482579392
support,788.0,788.0,0.684010152284264,1576.0,1576.0
