,0,1,accuracy,macro avg,weighted avg
precision,0.6567481402763018,0.7322834645669292,0.6871827411167513,0.6945158024216155,0.6945158024216155
recall,0.7842639593908629,0.5901015228426396,0.6871827411167513,0.6871827411167513,0.6871827411167513
f1-score,0.714864083285136,0.6535488404778637,0.6871827411167513,0.6842064618814998,0.6842064618814998
support,788.0,788.0,0.6871827411167513,1576.0,1576.0
