,0,1,accuracy,macro avg,weighted avg
precision,0.6540084388185654,0.732484076433121,0.6852791878172588,0.6932462576258431,0.6932462576258431
recall,0.7868020304568528,0.583756345177665,0.6852791878172588,0.6852791878172588,0.6852791878172588
f1-score,0.7142857142857143,0.6497175141242938,0.6852791878172588,0.682001614205004,0.682001614205004
support,788.0,788.0,0.6852791878172588,1576.0,1576.0
