,0,1,accuracy,macro avg,weighted avg
precision,0.5643340857787811,0.5826086956521739,0.5723350253807107,0.5734713907154775,0.5734713907154775
recall,0.6345177664974619,0.5101522842639594,0.5723350253807107,0.5723350253807107,0.5723350253807107
f1-score,0.5973715651135006,0.543978349120433,0.5723350253807107,0.5706749571169668,0.5706749571169668
support,788.0,788.0,0.5723350253807107,1576.0,1576.0
