,0,1,accuracy,macro avg,weighted avg
precision,0.7100591715976331,0.7428180574555403,0.725253807106599,0.7264386145265866,0.7264386145265866
recall,0.7614213197969543,0.6890862944162437,0.725253807106599,0.725253807106599,0.725253807106599
f1-score,0.7348438456827924,0.7149440421329823,0.725253807106599,0.7248939439078874,0.7248939439078873
support,788.0,788.0,0.725253807106599,1576.0,1576.0
