,0,1,accuracy,macro avg,weighted avg
precision,0.7187112763320942,0.729518855656697,0.7239847715736041,0.7241150659943956,0.7241150659943956
recall,0.7360406091370558,0.7119289340101523,0.7239847715736041,0.7239847715736041,0.7239847715736041
f1-score,0.7272727272727273,0.720616570327553,0.7239847715736041,0.7239446488001402,0.7239446488001401
support,788.0,788.0,0.7239847715736041,1576.0,1576.0
