,0,1,accuracy,macro avg,weighted avg
precision,0.6756440281030445,0.7077562326869806,0.6903553299492385,0.6917001303950125,0.6917001303950125
recall,0.7322335025380711,0.6484771573604061,0.6903553299492385,0.6903553299492386,0.6903553299492385
f1-score,0.702801461632156,0.6768211920529801,0.6903553299492385,0.6898113268425681,0.689811326842568
support,788.0,788.0,0.6903553299492385,1576.0,1576.0
