,0,1,accuracy,macro avg,weighted avg
precision,0.6818181818181818,0.7172701949860725,0.6979695431472082,0.6995441884021272,0.6995441884021272
recall,0.7423857868020305,0.6535532994923858,0.6979695431472082,0.6979695431472082,0.6979695431472082
f1-score,0.7108140947752125,0.6839309428950864,0.6979695431472082,0.6973725188351494,0.6973725188351494
support,788.0,788.0,0.6979695431472082,1576.0,1576.0
