,0,1,accuracy,macro avg,weighted avg
precision,0.6764018691588785,0.7097222222222223,0.6916243654822335,0.6930620456905503,0.6930620456905504
recall,0.7347715736040609,0.6484771573604061,0.6916243654822335,0.6916243654822335,0.6916243654822335
f1-score,0.7043795620437955,0.6777188328912468,0.6916243654822335,0.6910491974675211,0.6910491974675211
support,788.0,788.0,0.6916243654822335,1576.0,1576.0
