,0,1,accuracy,macro avg,weighted avg
precision,0.6916354556803995,0.6980645161290323,0.6947969543147208,0.6948499859047159,0.694849985904716
recall,0.7030456852791879,0.6865482233502538,0.6947969543147208,0.6947969543147208,0.6947969543147208
f1-score,0.697293895531781,0.6922584772872682,0.6947969543147208,0.6947761864095245,0.6947761864095247
support,788.0,788.0,0.6947969543147208,1576.0,1576.0
