,0,1,accuracy,macro avg,weighted avg
precision,0.6878109452736318,0.6955958549222798,0.6916243654822335,0.6917034000979558,0.6917034000979558
recall,0.7017766497461929,0.6814720812182741,0.6916243654822335,0.6916243654822335,0.6916243654822335
f1-score,0.6947236180904524,0.6884615384615385,0.6916243654822335,0.6915925782759954,0.6915925782759953
support,788.0,788.0,0.6916243654822335,1576.0,1576.0
