,0,1,accuracy,macro avg,weighted avg
precision,0.6973518284993695,0.6998722860791826,0.6986040609137056,0.698612057289276,0.698612057289276
recall,0.7017766497461929,0.6954314720812182,0.6986040609137056,0.6986040609137056,0.6986040609137056
f1-score,0.6995572422517394,0.6976448122215149,0.6986040609137056,0.6986010272366272,0.6986010272366271
support,788.0,788.0,0.6986040609137056,1576.0,1576.0
