,0,1,accuracy,macro avg,weighted avg
precision,0.6873449131513648,0.6961038961038961,0.6916243654822335,0.6917244046276305,0.6917244046276305
recall,0.7030456852791879,0.6802030456852792,0.6916243654822335,0.6916243654822336,0.6916243654822335
f1-score,0.6951066499372648,0.6880616174582799,0.6916243654822335,0.6915841336977724,0.6915841336977724
support,788.0,788.0,0.6916243654822335,1576.0,1576.0
