,0,1,accuracy,macro avg,weighted avg
precision,0.7063778580024067,0.7302013422818792,0.7176395939086294,0.7182896001421429,0.7182896001421429
recall,0.7449238578680203,0.6903553299492385,0.7176395939086294,0.7176395939086294,0.7176395939086294
f1-score,0.7251389746757259,0.7097195042400521,0.7176395939086294,0.717429239457889,0.7174292394578891
support,788.0,788.0,0.7176395939086294,1576.0,1576.0
