,SVM,MultinomialNB,ComplementNB
Logistic Regression,1.5923269479843685,-0.651761807115464,-1.4485609275523845
SVM,,-2.159804781900945,-3.053071270695535
MultinomialNB,,,-2.108345785496249
